{"K": [[907.6988525390625, 0.0, 644.3671264648438], [0.0, 907.3128662109375, 358.8668212890625], [0.0, 0.0, 1.0]], "resolution": [720, 1280]}